<?xml version="1.0" encoding="utf-8"?>
<?xml-stylesheet type='text/xsl' href='ConversionLogFile.xsl'?>
<LogFile projectName="IC-KP2-2H_SF_AWL_V17" typeText="Type" messageText="Message" timeText="Time">
  <MessageCell ServiceId="80" MessageId="30" MessageClass="Information" Timestamp="8/12/2022 6:34:17 PM">
    <Number ServiceNumber="80" MessageNumber="30" />
    <Text FeedbackText="Upgrade started" />
    <Help HelpId="-1" />
  </MessageCell>
  <Details ServiceId="80" MessageId="30" Timestamp="8/12/2022 6:34:25 PM" Debug="false">
    <Text>Reorganization succeed!</Text>
  </Details>
  <MessageCell ServiceId="80" MessageId="30" MessageClass="Information" Timestamp="8/12/2022 6:34:26 PM">
    <Number ServiceNumber="80" MessageNumber="30" />
    <Text FeedbackText="CheckRepair lost+found objects" />
    <Help HelpId="-1" />
  </MessageCell>
  <Details ServiceId="80" MessageId="30" Timestamp="8/12/2022 6:34:27 PM" Debug="false">
    <Text>No error is detected.</Text>
  </Details>
  <MessageCell ServiceId="80" MessageId="30" MessageClass="Information" Timestamp="8/12/2022 6:34:28 PM">
    <Number ServiceNumber="80" MessageNumber="30" />
    <Text FeedbackText="CheckRepair missing bidirectional links" />
    <Help HelpId="-1" />
  </MessageCell>
  <Details ServiceId="80" MessageId="30" Timestamp="8/12/2022 6:34:28 PM" Debug="false">
    <Text>No error is detected.</Text>
  </Details>
  <MessageCell ServiceId="80" MessageId="30" MessageClass="Information" Timestamp="8/12/2022 6:34:31 PM">
    <Number ServiceNumber="80" MessageNumber="30" />
    <Text FeedbackText="CheckRepair clear segment flags" />
    <Help HelpId="-1" />
  </MessageCell>
  <Details ServiceId="80" MessageId="30" Timestamp="8/12/2022 6:34:31 PM" Debug="false">
    <Text>No error is detected.</Text>
  </Details>
  <Details ServiceId="80" MessageId="30" Timestamp="8/12/2022 6:35:28 PM" Debug="false">
    <Text>Not invalidating fingerprints for protected object: DPRD_DAT_SFC[SFC14]</Text>
  </Details>
  <Details ServiceId="80" MessageId="30" Timestamp="8/12/2022 6:35:28 PM" Debug="false">
    <Text>Not invalidating fingerprints for protected object: UBLKMOV_SFC[SFC81]</Text>
  </Details>
  <Details ServiceId="80" MessageId="30" Timestamp="8/12/2022 6:35:28 PM" Debug="false">
    <Text>Not invalidating fingerprints for protected object: DPWR_DAT_SFC[SFC15]</Text>
  </Details>
  <Details ServiceId="80" MessageId="30" Timestamp="8/12/2022 6:35:28 PM" Debug="false">
    <Text>Not invalidating fingerprints for protected object: TOF_SFB[SFB5]</Text>
  </Details>
  <Details ServiceId="80" MessageId="30" Timestamp="8/12/2022 6:35:28 PM" Debug="false">
    <Text>Not invalidating fingerprints for protected object: BLKMOV_SFC[SFC20]</Text>
  </Details>
  <MessageCell ServiceId="80" MessageId="30" MessageClass="Warning" Timestamp="8/12/2022 6:35:46 PM">
    <Number ServiceNumber="80" MessageNumber="30" />
    <Text FeedbackText="Project element: '\PLC_1\ProgramBlocksFolder\Main' - Checksum inconsistency for 'General'." />
    <Help HelpId="-1" />
  </MessageCell>
  <MessageCell ServiceId="80" MessageId="30" MessageClass="Warning" Timestamp="8/12/2022 6:35:49 PM">
    <Number ServiceNumber="80" MessageNumber="30" />
    <Text FeedbackText="Project element: '\PLC_1\ProgramBlocksFolder\IC-KP2-2H_SF_AWL' - Checksum inconsistency for 'General; Runtime'." />
    <Help HelpId="-1" />
  </MessageCell>
  <MessageCell ServiceId="80" MessageId="30" MessageClass="Warning" Timestamp="8/12/2022 6:35:50 PM">
    <Number ServiceNumber="80" MessageNumber="30" />
    <Text FeedbackText="Project element: '\PLC_1\ProgramBlocksFolder\IC-KP2-2H_SF_AWL_DB' - Checksum inconsistency for 'General'." />
    <Help HelpId="-1" />
  </MessageCell>
  <MessageCell ServiceId="80" MessageId="30" MessageClass="Information" Timestamp="8/12/2022 6:35:59 PM">
    <Number ServiceNumber="80" MessageNumber="30" />
    <Text FeedbackText="The cross-reference information is being converted." />
    <Help HelpId="-1" />
  </MessageCell>
  <MessageCell ServiceId="80" MessageId="30" MessageClass="Information" Timestamp="8/12/2022 6:36:00 PM">
    <Number ServiceNumber="80" MessageNumber="30" />
    <Text FeedbackText="The cross-reference information was created successfully." />
    <Help HelpId="-1" />
  </MessageCell>
  <MessageCell ServiceId="80" MessageId="30" MessageClass="Information" Timestamp="8/12/2022 6:36:00 PM">
    <Number ServiceNumber="80" MessageNumber="30" />
    <Text FeedbackText="Conversion of the cross-reference information is finished." />
    <Help HelpId="-1" />
  </MessageCell>
  <Details ServiceId="80" MessageId="30" Timestamp="8/12/2022 6:36:02 PM" Debug="false">
    <Text>Package container 'Siemens.Simatic.Lang.S7PSW.V14.0.1.0.NonMandatory' was deleted</Text>
  </Details>
  <Details ServiceId="80" MessageId="30" Timestamp="8/12/2022 6:36:02 PM" Debug="false">
    <Text>Package container 'HW.S7400.RACK.MDD_6ES7400-1TA01-0AA0_1.0_14.0.0' was deleted</Text>
  </Details>
  <Details ServiceId="80" MessageId="30" Timestamp="8/12/2022 6:36:02 PM" Debug="false">
    <Text>Product version 'Siemens.Simatic.STEP7.Professional:14.00.01.00' was deleted</Text>
  </Details>
  <Details ServiceId="80" MessageId="30" Timestamp="8/12/2022 6:36:02 PM" Debug="false">
    <Text>Product version 'Siemens.Simatic.Portal:14.00.01.00' was deleted</Text>
  </Details>
  <Details ServiceId="80" MessageId="30" Timestamp="8/12/2022 6:36:02 PM" Debug="false">
    <Text>Product version 'Siemens.Simatic.STEP7.Basic:14.00.01.00' was deleted</Text>
  </Details>
  <MessageCell ServiceId="Automation-ObjectFrame-Feedbacks" MessageId="ConversionInfoTabProjectSucceeded" MessageClass="Success" Timestamp="8/12/2022 6:36:06 PM">
    <Number ServiceNumber="80" MessageNumber="34" />
    <Text FeedbackText="Project 'C:\Users\user\Documents\Automation\ID200 Demo\IC-KP2-2H_SF_AWL\System\PEData.plf' was successfully upgraded and saved as project 'C:\Users\user\Documents\Automation\ID200 Demo\IC-KP2-2H_SF_AWL_V17\System\PEData.plf'." />
    <Help HelpId="-1" HelpFile="" />
  </MessageCell>
  <MessageCell ServiceId="80" MessageId="30" MessageClass="Information" Timestamp="8/12/2022 6:36:07 PM">
    <Number ServiceNumber="80" MessageNumber="30" />
    <Text FeedbackText="FinalCheckRemainingErrors" />
    <Help HelpId="-1" />
  </MessageCell>
  <Details ServiceId="80" MessageId="30" Timestamp="8/12/2022 6:36:07 PM" Debug="false">
    <Text>No error is detected.</Text>
  </Details>
</LogFile>